conference	year	session_type	session_number	authors	presentation_type
TALC	2018	S	1	Chris Turner and Hilary Nesi	individual paper
TALC	2018	S	4	Jane Seely	individual paper
TALC	2018	S	5	Valentin Werner, Robert Fuchs and Sandra Götz	individual paper
TALC	2018	S	8	Gregory Hadley and Hiromi Hadley	individual paper
TALC	2018	S	10	Ana Frankenberg-Garcia	individual paper
TALC	2018	S	11	Ana Frankenberg-Garcia, Robert Lew, Adam Mickiewicz, Geraint Paul Rees, Jonathan C. Roberts, Nirwan Sharma	individual paper
TALC	2018	S	18	Hosam Darwish	individual paper
TALC	2018	S	21	Yoshiho Satake	individual paper
TALC	2018	S	23	Elen Le Foll	individual paper
TALC	2018	S	26	Suresh Jampa	individual paper
TALC	2018	S	29	Szu-Yu Liu and Hsien-Chin Liou	individual paper
TALC	2018	S	30	Tzu Wei Yang and Hsien Chin Liou	individual paper
TALC	2018	S	31	Marie-Louise Brunner and Stefan Diemer	individual paper
TALC	2018	S	33	Cristóbal Lozano, Amaya Mendikoetxea and Paul Rollinson	individual paper
TALC	2018	S	36	Henry Tyne	individual paper
TALC	2018	S	38	Maggie Charles	individual paper
TALC	2018	S	46	Nina Vyatkina	individual paper
TALC	2018	S	53	Ayman  Alghamdi & Eric Atwell	individual paper
TALC	2018	S	54	Tanjun Liu	individual paper
TALC	2018	S	58	Huifen Lin and Pinshuan Lee	individual paper
TALC	2018	S	60	Claire Wolfarth, Claude Ponton, Catherine Brissaud	individual paper
TALC	2018	S	62	Claudia Wunderlich	individual paper
TALC	2018	S	71	John O’Donoghue	individual paper
TALC	2018	S	73	Luciana Forti	individual paper
TALC	2018	S	75	Sanja Marinov	individual paper
TALC	2018	S	78	Meilin Chen and John Flowerdew	individual paper
TALC	2018	S	80	Martin Weisser	individual paper
TALC	2018	S	82	Hege Larsson Aas and Sylvi Rørvik	individual paper
TALC	2018	S	85	Shelley Staples	individual paper
TALC	2018	S	89	Jenny Kemp	individual paper
TALC	2018	S	95	Agnieszka Leńko-Szymańska	individual paper
TALC	2018	S	97	Geraint Paul Rees	individual paper
TALC	2018	S	99	John Williams	individual paper
TALC	2018	S	101	Alvin Cheng-Hsien Chen	individual paper
TALC	2018	S	107	Geraldine Mark and Pascual Pérez-Paredes	individual paper
TALC	2018	S	109	Rolf Kreyer	individual paper
TALC	2018	S	110	Mariko Abe, Yusuke Kondo, Yuichiro Kobayashi, Akira Murakami and Yasuhiro Fujiwara	individual paper
TALC	2018	S	111	Lynne Flowerdew	individual paper
TALC	2018	S	113	Awatif Alruwaili	individual paper
TALC	2018	S	114	Benet Vincent, Hilary Nesi and Daniel Quinn	individual paper
TALC	2018	S	115	Katarina Lazic and Maja Milicevic Petrovic	individual paper
TALC	2018	S	116	Reka R. Jablonkai and Neva Cebron	individual paper
TALC	2018	S	120	Kiyomi Chujo, Atsushi Mizumoto, Yuichiro Kobayashi, Akira Hamada, Kathryn Oghigian	individual paper
TALC	2018	S	127	Yukio Tono	individual paper
TALC	2018	S	129	Hildegunn Dirdal and Stephanie H. G. Wold	individual paper
TALC	2018	S	130	Diane Pecorari	individual paper
TALC	2018	S	131	Katerina Florou	individual paper
TALC	2018	S	134	Francesca Perri	individual paper
TALC	2018	S	137	Lan-Fen Huang, Tomáš Gráf and Nicole Keng	individual paper
TALC	2018	S	138	Katherine Ackerley	individual paper
TALC	2018	S	142	Hyeson Park	individual paper
TALC	2018	S	148	Darja  Fišer & Franciska de Jong	individual paper
TALC	2018	S	149	Yi-Ju Ariel Wu	individual paper
TALC	2018	S	150	Christoph Wolk and Bridgit Fastrich	individual paper
TALC	2018	S	152	Zhaozhe Wang	individual paper
TALC	2018	S	157	Christine Sing	individual paper
TALC	2018	S	158	Tomáš Gráf and Lan-Fen Huang	individual paper
TALC	2018	S	160	Patricia Tosqui-Lucks and Malila Carvalho De Almeida Prado	individual paper
TALC	2018	S	161	Maria Kunilovskaya and Natalya Morgoun	individual paper
TALC	2018	S	162	Dana Gablasova and Vaclav Brezina	individual paper
TALC	2018	S	163	Kyoko Sugisaki and Michael Prinz	individual paper
TALC	2018	S	164	Ji-Young Shin	individual paper
TALC	2018	S	166	Francesca Seracini	individual paper
TALC	2018	S	170	Paul Wickens	individual paper
TALC	2018	S	22	Rudy Loock	individual paper
TALC	2018	S	27	Eva Schaeffer-Lacroix	individual paper
TALC	2018	S	68	Michael Pace-Sigge	individual paper
TALC	2018	S	112	Lynne Flowerdew	individual paper
TALC	2018	S	139	Sylwia Twardo	individual paper
TALC	2018	S	144	Yuying Hu	individual paper
TALC	2018	S	145	Sylvain Perraud	individual paper
TALC	2018	S	3	Danyang Zhang	poster
TALC	2018	S	66	Lucie Chlumská	poster
TALC	2018	S	67	Stefania Spina and Anna Siyanova-Chanturia	poster
TALC	2018	S	87	Adriana Picoral	poster
TALC	2018	S	92	Lin Jiang	poster
TALC	2018	S	93	Barry Kavanagh	poster
TALC	2018	S	106	Miki Hyun Kyung Bong and Masako Tsuzuki	poster
TALC	2018	S	126	Rezan Alharbi	poster
TALC	2018	S	132	Klara Klimcikova, Vishal Bhalla and Aisulu Rakhmetullina	poster
TALC	2018	S	141	Shona Whyte	poster
TALC	2018	S	143	Dong Ok Lim	poster
TALC	2018	S	153	Xiao Wang	poster
TALC	2018	S	155	Duy Van Vu	poster
TALC	2018	S	159	Yolanda Noguera	poster
TALC	2018	S	165	Francesca Poli	poster
TALC	2018	S	171	Xin Xu	poster
TALC	2018	S	172	Aleksandra Swatek	poster
TALC	2018	W	1	Niall Curry and Olivia Goodman	workshop
TALC	2018	W	2	Olga Vinogradova, Stefania Spina, Luciana Forti, Ivan Torubarov, Nikita Login	workshop
TALC	2018	W	3	Silvia Molina, Plaza María del Mar Robisco, Martín Verónica Vivancos Cervero, Ana Roldán-Riejos, Paloma Úbeda Mansilla	workshop
TALC	2018	W	4	Laurence Anthony	workshop
TALC	2018	W	5	Adriana Picoral, Shelley Staples, Ji-young Shin, Aleksandra Swatek	workshop
TALC	2018	W	6	Vaclav Brezina, Dana Gablasova, Irene Marín Cervantes	workshop
TALC	2020	3	0	Mariko Abe, Yusuke Kondo, Yasuhiro Fujiwara and Yuichiro Kobayashi	individual paper
TALC	2020	5	1	Katherine Ackerley	individual paper
TALC	2020	4	2	Lilit Avetisyan	individual paper
TALC	2020	4	3	Francisco J Álvarez Gil and Elena Domínguez Morales	individual paper
TALC	2020	5	4	Sülün Aykurt	individual paper
TALC	2020	4	5	Aleksandra Bartosiewicz and Geoffrey Pinchbeck	individual paper
TALC	2020	3	6	Raffaella Bottini	individual paper
TALC	2020	1	7	Alex Boulton	individual paper
TALC	2020	1	8	Nigel Bruce and Peter Storey	individual paper
TALC	2020	2	9	María Luisa Carrió-Pastor	individual paper
TALC	2020	5	10	Meilin Chen and John Flowerdew	individual paper
TALC	2020	5	11	Eniko Csomay and Nini Jojua	individual paper
TALC	2020	1	12	Results indicate a) that students use incrementally more academic vocabulary as they progress in their coursework; b) that academic vocabulary is used differently across the text-types students produced; and c) that students use words differently in the two levels of instruction	individual paper
TALC	2020	2	13	Niall Curry	individual paper
TALC	2020	2	14	Andreea Dinca and Madalina Chitez	individual paper
TALC	2020	2	15	Nihan Erdemir and Hacer Hande Uysal	individual paper
TALC	2020	3	16	Katerina Florou	individual paper
TALC	2020	1	17	Luciana Forti	individual paper
TALC	2020	2	18	Ana Frankenberg-Garcia, Simone Sarmento, Paula Tavares Pinto and Ana Bocorny	individual paper
TALC	2020	2	19	Luciano Franco Silva, Paula Tavares Pinto and Luana Nazzi-Laranja	individual paper
TALC	2020	3	20	Nancy Gagné	individual paper
TALC	2020	3	21	Sandra Götz, Christoph Wolk and Katja Jäschke	individual paper
TALC	2020	3	22	Carine Graff	individual paper
TALC	2020	5	23	Yuying Hu and Ziwei Cheng	individual paper
TALC	2020	4	24	Anna Joan Casademont and Nancy Gagné	individual paper
TALC	2020	4	25	Barry Kavanagh	individual paper
TALC	2020	5	26	Mariya Kilina, Andrea Grillandi, Elizaveta D Nosova, Anastasia N Sidorova, Aleksandr Klimov, Olesya Kisselev, Mikhail Kopotev and Natalia Zevakhina	individual paper
TALC	2020	1	27	Marina S Kogan, Irina A Komarova and Alexander V Dmitrijev	individual paper
TALC	2020	4	28	Elen Le Foll	individual paper
TALC	2020	3	29	Agnieszka Leńko-Szymańska	individual paper
TALC	2020	3	30	Ting-Shiu Lin	individual paper
TALC	2020	2	31	Fu-Ying Lin and Kuan-Yu Shen	individual paper
TALC	2020	3	32	Andrea Listanti, Jacopo Torregrossa and Liana Tronci	individual paper
TALC	2020	4	33	Tanjun Liu	individual paper
TALC	2020	4	34	Nikita Login, Ksenia Pospelova, Ekaterina Afanaseva and Elizaveta Ershova	individual paper
TALC	2020	2	35	Philippe Millot	individual paper
TALC	2020	3	36	Mehmet Nacar and Adnan Biçer	individual paper
TALC	2020	1	37	Chikako Nishigaki and Kathryn Oghigian	individual paper
TALC	2020	3	38	Aleksey Novikov	individual paper
TALC	2020	3	39	Maria Oberyukhtina	individual paper
TALC	2020	5	40	John O’Donoghue	individual paper
TALC	2020	1	41	Anne O’Keeffe, Pascual Pérez-Paredes and Geraldine Mark	individual paper
TALC	2020	5	42	Taha Omidian, Anna Siyanova-Chanturia and Stefania Spina	individual paper
TALC	2020	3	43	Michał B Paradowski and Elżbieta Pawlas	individual paper
TALC	2020	5	44	Pascual Pérez-Paredes and Joyce Lim	individual paper
TALC	2020	3	45	Adriana Picoral	individual paper
TALC	2020	5	46	Tristan Purvis	individual paper
TALC	2020	1	47	Shelley Staples	individual paper
TALC	2020	4	48	Aleksandra Swatek	individual paper
TALC	2020	4	49	József Szakos and Ulrike Glavitsch	individual paper
TALC	2020	4	50	The question is still open: is it the “corpus genomes/genes” (methods) or the “genres” of materials offered which fail to resonate with learners? Or is it the learner? We hope to receive a fruitful feed- back to this through our presentation Szilvia Szita	individual paper
TALC	2020	4	51	Biagio Ursi	individual paper
TALC	2020	1	52	Benet Vincent, Hilary Nesi and Daniel Quinn	individual paper
TALC	2020	5	53	Olga Vinogradova, Anna Viklova, Darya Overnikova, Darya Matyash and Mikhail Paporotsky	individual paper
TALC	2020	5	54	Karin Whiteside	individual paper
TALC	2020	1	55	Yi-ju Ariel Wu and Chi-Ting Robert Tsai	individual paper
TALC	2020	6	56	Cathryn Bennett	poster
TALC	2020	6	57	Aivars Glaznieks, Jennifer-Carmen Frey, Maria Stopfner and Lorenzo Zanasi	poster
TALC	2020	6	58	Barbora Hrabalova	poster
TALC	2020	6	59	Elżbieta Kaczmarska and Adrian Jan Zasina	poster
TALC	2020	6	60	Wooji Park and Seok-Chae Rhee	poster
TALC	2020	6	61	Juliane Schopf	poster
TALC	2020	6	62	Stefania Spina, Luciana Forti, Filippo Santarelli, Valentino Santucci and Giuliana Grego Bolli	poster
AACL	2022	NA	16	Karin Puga and Shelley Staples	paper
AACL	2022	NA	7	Kathrin Kircili	paper
AACL	2022	NA	NA	Shannon Fitzsimmons-Doolan and Jennifer Beseres Pollack	paper
AACL	2022	NA	75	Paul Thompson and Bethany Gray	paper
AACL	2022	NA	148	Elnaz Kia and Fernando Rubio	paper
AACL	2022	NA	NA	Gaëtanelle Gilquin	paper
AACL	2022	NA	56	Daniel Keller, Bethany Gray, Jordan Smith and Elena Cotos	paper
AACL	2022	NA	69	Hakyung Sung	short paper
AACL	2022	NA	72	Tony Berber Sardinha	paper
AACL	2022	NA	57	Tove Larsson, Doug Biber and Gregory R. Hancock	paper
AACL	2022	NA	8	Karin Puga	paper
AACL	2022	NA	83	Kristopher Kyle and Masaki Eguchi	paper
AACL	2022	NA	58	Douglas Biber, Tove Larsson, Gregory R. Hancock and Bethany Gray	paper
AACL	2022	NA	93	Gustavo Leal Teixeira, Ana Eliza Pereira Bocorny, Deise Prina Dutra and Andressa Gomide	paper
AACL	2022	NA	81	Stefan Th. Gries	paper
AACL	2022	NA	114	Aki-Juhani Kyröläinen, Samuel Rönnqvist, Sampo Pyysalo and Veronika Laippala	paper
AACL	2022	NA	85	Ella Diels, Jim J. J. Ureel, Carola Strobl and Isabelle S. Robert	paper
AACL	2022	NA	6	Brett Hashimoto and Kyra Nelson	paper
AACL	2022	NA	128	Jesse Egbert and Marianna Gracheva	paper
AACL	2022	NA	94	Kristopher Kyle, Hakyung Sung, Masaki Eguchi and Fred Zenker	paper
AACL	2022	NA	NA	Mathew Gillings and Gerlinde Mautner	paper
AACL	2022	NA	134	Amanda Murphy and Francesca Poli	poster
AACL	2022	NA	97	Anne Stoughton	poster
AACL	2022	NA	64	Caoyuan Savannah Ma and Xiaoli Yu	poster
AACL	2022	NA	NA	Isolde van Dorst	poster
AACL	2022	NA	70	Marcella Caprario	poster
AACL	2022	NA	130	Maria Kostromitina and Kevin Hirschi	poster
AACL	2022	NA	2	Muhammad Afzaal	poster
AACL	2022	NA	125	Rafael Fonseca de Araujo	poster
AACL	2022	NA	87	Shengyu Liao and Stefanie Wulff	poster
AACL	2022	NA	107	Tadayoshi Kaya and Katsuhiko Muto	poster
AACL	2022	NA	103	Berkeley Franklin	poster
AACL	2022	NA	18	Xiaolong Lu	poster
AACL	2022	NA	63	Seda Eickhoff	poster
AACL	2022	NA	NA	Masaki Eguchi and Kristopher Kyle	short paper
AACL	2022	NA	NA	Eunjeong Ahn	short paper
AACL	2022	NA	48	Leanne Chun, Jesse Vincent, Ryan Bartholomew, Elizabeth Hanks, Grant Eckstein and Jacob Rawlins	short paper
AACL	2022	NA	146	Denise Coberley	short paper
AACL	2022	NA	73	Oksana Bomba	short paper
AACL	2022	NA	34	Heng Gong and Michael Barlow	short paper
AACL	2022	NA	NA	Susanne DeVore	short paper
AACL	2022	NA	158	Masaki Eguchi and Kristopher Kyle	short paper
AACL	2022	NA	155	Haoshan Ren and J. Elliott Casal	short paper
AACL	2022	NA	47	Leanne Chun, Elizabeth Hanks, Ryan Bartholomew, Jesse Vincent, Jacob Rawlins and Grant Eckstein	short paper
AACL	2022	NA	138	Margaret Wood	paper
AACL	2022	NA	NA	Jordan Batchelor	paper
AACL	2022	NA	134	Pierfranca Forchini, Amanda Murphy, Francesca Seracini, Francesca Poli and Valentina Morgana	panel
AACL	2022	NA	10	Lisa Gonzalez	paper
AACL	2022	NA	96	Jordan Smith	paper
AACL	2022	NA	NA	Brittany Langley and Haoshan Ren	paper
AACL	2022	NA	101	Meixiu Zhang	paper
AACL	2022	NA	129	Haoshan Ren, Abigail K. Coker, Ute Römer and Clark D. Cunningham	paper
AACL	2022	NA	67	Sooyeon Cho and Hakyung Sung	paper
AACL	2022	NA	NA	Kate Challis	short paper
AACL	2022	NA	92	Daniel Keller	paper
AACL	2022	NA	115	Robert Malouf	paper
AACL	2022	NA	119	Elisa Stumpf and Marine Matte	paper
AACL	2022	NA	NA	Veronika Laippala, Aki-Juhani Kyröläinen, Samuel Rönnqvist, Anna Salmela and Sampo Pyysalo	paper
AACL	2022	NA	51	Ute Römer	paper
AACL	2022	NA	71	Carissa Diantoro and Masaki Eguchi	paper
AACL	2022	NA	131	Maria Kostromitina and Daniel Keller	paper
AACL	2022	NA	136	Febriana Lestari	short paper
AACL	2022	NA	23	Ziwei Guo	paper
AACL	2022	NA	6	Larissa Goulart	paper
AACL	2022	NA	22	Boniesta Melani	paper
AACL	2022	NA	13	Yulia Khoruzhaya and Kevin McManus	paper
AACL	2022	NA	55	Bethany Gray, Shelley Staples and Fatemeh Bordbarjavidi	paper
AACL	2022	NA	37	Randy Appel	paper
AACL	2022	NA	40	Yuly Asencion Delaney, Joseph Collentine, Jersus Colmenares and Alfredo Urzua Beltran	paper
AACL	2022	NA	78	Randi Reppen and Doug Biber	paper
AACL	2022	NA	79	Viviana Cortes and William Lake	paper
AACL	2022	NA	17	Javier Garcia Leon and Monica Rodriguez Castro	short paper
AACL	2022	NA	110	Ágnes Kalivoda, Robert Malouf, Farrell Ackerman and Bálint Sass	poster
AACL	2022	NA	61	Andressa Gomide and João Fekete	poster
AACL	2022	NA	112	Caoyuan Savananh Ma	poster
AACL	2022	NA	141	Daniel Drylie and Rachel McCullough	poster
AACL	2022	NA	159	Idee Edalatishams	poster
AACL	2022	NA	9	Janelle Cai, Matthew Lin and Jack Hardy	poster
AACL	2022	NA	123	Kevin Hoffman and Jack Hardy	poster
AACL	2022	NA	133	Kristen Gram and Jack Hardy	poster
AACL	2022	NA	38	Martha Egenti	poster
AACL	2022	NA	28	Maria Claudia Delfino	short paper
AACL	2022	NA	91	Nairui Chen	short paper
AACL	2022	NA	39	Roger Gee, M. Karen Jogan and Kathleen S. Jogan	short paper
AACL	2022	NA	28	Maria Claudia Delfino, Tony Berber Sardinha, Carlos Kauffmann, Patricia Bertoli and Tamires Dártora	short paper
AACL	2022	NA	60	Heesun Chang	short paper
AACL	2022	NA	32	Helena Hanneder	short paper
AACL	2022	NA	124	Chris Nuttall	short paper
AACL	2022	NA	15	Katerina Florou	short paper
AACL	2022	NA	43	Natalia Muguiro	short paper
AACL	2022	NA	154	Kim McDonough, Rachael Lindberg, Yoo Lae Kim and Pavel Trofimovich	short paper
AACL	2022	NA	150	Junghun Yang	short paper
AACL	2022	NA	44	Brett Hashimoto and Earl Brown	short paper
AACL	2022	NA	NA	Zhuo Zhang and Meichun Liu	short paper
AACL	2022	NA	156	Ana Abigahil Flores Hernandez and Pauline Moore	short paper
AACL	2022	NA	46	Elizabeth Hanks and Brett Hashimoto	short paper
AACL	2022	NA	76	Maria Czeller, Klara Nagy-Bodnar and Timea Lazar	short paper
AACL	2022	NA	52	Jack Hardy, Rose Delony, Lydia King and Mrudhula Nithiyakumar	short paper
AACL	2022	NA	80	Stefan Th. Gries	paper
AACL	2022	NA	33	Marianna Gracheva	paper
AACL	2022	NA	104	Mikko Laitinen and Masoud Fatemi	paper
AACL	2022	NA	35	Piotr Pezik, Krzysztof Kredens and Annina Heini	paper
AACL	2022	NA	11	Adriana Picoral and Tony Berber Sardinha	paper
AACL	2022	NA	50	Trisevgeni Liontou	paper
AACL	2022	NA	147	David Guy Brizan, Faaz Arshad and Rashmi Nagpal	paper
AACL	2022	NA	99	Anne Stoughton	paper
